--Masters--
select * from Thesis
Insert into Thesis ( field, type, title, startDate, endDate, defenseDate, grade,
 noExtension) values ('Technology','Masters','Evidence10', '1/1/2018','2/2/2021',
'10/21/2021',3.55,4);
Insert into Thesis ( field, type, title, startDate, endDate, defenseDate, grade,
 noExtension) values ('Technology','Masters','Evidence11', '1/10/2020','3/2/2021',
'10/23/2021',3.05,4);
Insert into Thesis ( field, type, title, startDate, endDate, defenseDate, grade,
 noExtension) values ('Law','Masters','Evidence12', '1/1/2019','1/1/2022',
'2/2/2022',null,1);
Insert into Thesis ( field, type, title, startDate, endDate, defenseDate, grade,
 noExtension) values ('Law','Masters','Evidence12', '1/1/2018','2/2/2022',
'10/2/2022',null,1);
Insert into Thesis ( field, type, title, startDate, endDate, defenseDate, grade,
 noExtension) values ('Medicine','Masters','Evidence13', '2/5/2020','3/3/2022',
'10/8/2022',null,1);
Insert into Thesis ( field, type, title, startDate, endDate, defenseDate, grade,
 noExtension) values ('Medicine','Masters','Evidence14', '1/6/2019','4/4/2022',
'10/9/2022',null,1);
Insert into Thesis ( field, type, title, startDate, endDate, defenseDate, grade,
 noExtension) values ('Agriculture','Masters','Evidence13', '1/5/2020','2/7/2021',
'10/8/2021',2.23,1);
Insert into Thesis ( field, type, title, startDate, endDate, defenseDate, grade,
 noExtension) values ('Art','Masters','Evidence14', '1/10/2010','2/11/2022',
'10/1/2022',null,2);
Insert into Thesis ( field, type, title, startDate, endDate, defenseDate, grade,
 noExtension) values ('Engineering','Masters','Evidence15', '3/5/2020','7/7/2021',
'10/8/2021',2.23,1);
Insert into Thesis ( field, type, title, startDate, endDate, defenseDate, grade,
 noExtension) values ('Engineering','Masters','Evidence15', '3/8/2020','8/7/2021',
'11/10/2021',3.75,1);
Insert into Thesis ( field, type, title, startDate, endDate, defenseDate, grade,
 noExtension) values ('Engineering','Masters','Evidence18', '2/9/2021','9/7/2021',
'11/11/2021',3.75,2);
Insert into Thesis ( field, type, title, startDate, endDate, defenseDate, grade,
 noExtension) values ('Engineering','Masters','Evidence19', '4/9/2020','9/7/2021',
'11/11/2021',2.45,2);
Insert into Thesis ( field, type, title, startDate, endDate, defenseDate, grade,
 noExtension) values ('Engineering','Masters','EvidenceA', '5/1/2020','9/9/2021',
'12/11/2021',3.00,2);
Insert into Thesis ( field, type, title, startDate, endDate, defenseDate, grade,
 noExtension) values ('Technology','Masters','EvidenceB', '1/5/2020','3/22/2021',
'5/4/2021',3.12,2);
--PHD--
Insert into Thesis ( field, type, title, startDate, endDate, defenseDate, grade,
 noExtension) values ('Business','Phd','Project1', '1/17/2018','1/1/2022',
'10/2/2022',null,4);
Insert into Thesis ( field, type, title, startDate, endDate, defenseDate, grade,
 noExtension) values ('Technology','Phd','Project2', '1/9/2020','1/1/2022',
'10/11/2022',null,4);
Insert into Thesis ( field, type, title, startDate, endDate, defenseDate, grade,
 noExtension) values ('Law','Phd','Project3', '1/8/2019','5/2/2021',
'10/2/2021',3.99,1);
Insert into Thesis ( field, type, title, startDate, endDate, defenseDate, grade,
 noExtension) values ('Business','Phd','Project4', '1/1/2018','4/2/2021',
'12/2/2021',3.00,1);
Insert into Thesis ( field, type, title, startDate, endDate, defenseDate, grade,
 noExtension) values ('Medicine','Phd','Project5', '1/5/2020','2/7/2021',
'11/8/2021',2.43,1);
Insert into Thesis ( field, type, title, startDate, endDate, defenseDate, grade,
 noExtension) values ('Medicine','Phd','Project6', '1/6/2019','3/7/2021',
'8/9/2021',2.20,1);
Insert into Thesis ( field, type, title, startDate, endDate, defenseDate, grade,
 noExtension) values ('Agriculture','Phd','Project7', '5/5/2020','7/7/2021',
'9/10/2021',2.31,1);
Insert into Thesis ( field, type, title, startDate, endDate, defenseDate, grade,
 noExtension) values ('Art','Phd','Project8', '1/10/2010','3/3/2022',
'10/1/2022',null,2);
Insert into Thesis ( field, type, title, startDate, endDate, defenseDate, grade,
 noExtension) values ('Engineering','Phd','Project9', '3/3/2020','7/10/2021',
'10/8/2021',2.21,1);
Insert into Thesis ( field, type, title, startDate, endDate, defenseDate, grade,
 noExtension) values ('Engineering','Phd','Project10', '1/8/2020','7/7/2021',
'11/10/2021',3.41,1);
Insert into Thesis ( field, type, title, startDate, endDate, defenseDate, grade,
 noExtension) values ('Engineering','Phd','Project11', '10/9/2020','11/7/2021',
'12/21/2021',3.75,2);
Insert into Thesis ( field, type, title, startDate, endDate, defenseDate, grade,
 noExtension) values ('Engineering','Phd','Project12', '10/9/2020','11/7/2021',
'12/11/2021',2.45,2);
Insert into Thesis ( field, type, title, startDate, endDate, defenseDate, grade,
 noExtension) values ('Engineering','Phd','Project13', '2/1/2020','9/9/2021',
'11/11/2021',3.00,2);
Insert into Thesis ( field, type, title, startDate, endDate, defenseDate, grade,
 noExtension) values ('Technology','Phd','Project14', '3/5/2020','10/22/2021',
'12/4/2021',3.12,2);
Insert into Thesis ( field, type, title, startDate, endDate, defenseDate, grade,
 noExtension) values ('AppliedArts','Phd','Project13', '4/1/2020','9/9/2021',
'11/11/2021',3.00,2);
Insert into Thesis ( field, type, title, startDate, endDate, defenseDate, grade,
 noExtension) values ('AppliedArt','Phd','Project14', '4/5/2021','10/22/2021',
'6/4/2021',3.12,2);
---Thirteen Users with the different types---
INSERT into PostGradUser(email,[password]) VALUES ('FarahWanas@gmail.com','123')
INSERT into PostGradUser(email,[password]) VALUES ('AytenMazen@gmail.com','456')
INSERT into PostGradUser(email,[password]) VALUES ('SalmaAbdelaziz@gmail.com','532')
INSERT into PostGradUser(email,[password]) VALUES ('OmarMelouk@gmail.com','753')
INSERT into PostGradUser(email,[password]) VALUES ('AliElSardy@gmail.com','542')
INSERT into PostGradUser(email,[password]) VALUES ('JannaSaafan@gmail.com','230')
INSERT into PostGradUser(email,[password]) VALUES ('AmiraElShazly@gmail.com','554')
INSERT into PostGradUser(email,[password]) VALUES ('HanaMohamed@gmail.com','2982')
INSERT into PostGradUser(email,[password]) VALUES ('FaridaSherif@gmail.com','34563')
INSERT into PostGradUser(email,[password]) VALUES ('HaythamIsmail@gmail.com','983')
INSERT into PostGradUser(email,[password]) VALUES ('NermeenSerag@gmail.com','12373')
INSERT into PostGradUser(email,[password]) VALUES ('SlimAbdelnahder@gmail.com','9818')
INSERT into PostGradUser(email,[password]) VALUES ('AmrElMougy@gmail.com','256')
insert into PostGradUser(email,password) values ('ghalya@gmail.com','123')
select *
from PostGradUser
INSERT into GucianStudent(id,firstName,lastName,[type],faculty,address,GPA,undergradID) 
VALUES(1,'Farah','Wanas','Master','MET','New Cairo',3.65,'49-0935');
INSERT into GucianStudent(id,firstName,lastName,[type],faculty,address,GPA,undergradID) 
VALUES(2,'Ayten','Mazen','Master','MET','New Cairo',3.79,'49-0827');
INSERT into GucianStudent(id,firstName,lastName,[type],faculty,address,GPA,undergradID) 
VALUES(3,'Salma','Abdelaziz','PHD','Applied Arts','Rehab',2.59,'52-9235');
INSERT into GucianStudent(id,firstName,lastName,[type],faculty,address,GPA,undergradID) 
VALUES(4,'Omar','Melouk','PHD','BI','Nasr City',1.67,'39-8171');



INSERT into NonGucianStudent(id,firstName,lastName,[type],faculty,address) 
VALUES(5,'Ali','Elsardy','Master','Masscom','New Cairo');
INSERT into NonGucianStudent(id,firstName,lastName,[type],faculty,address) 
VALUES(6,'Janna','Saafan','PHD','Fine Arts','New Cairo');
INSERT into NonGucianStudent(id,firstName,lastName,[type],faculty,address) 
VALUES(7,'Amira','elshazly','PHD','IET','Mokatam');



INSERT into Supervisor(id,name,faculty) VALUES(10,'Haytham Ismail','MET');
INSERT into Supervisor(id,name,faculty) VALUES(11,'Nermeen Serag','Applied Arts');
INSERT into Supervisor(id,name,faculty) VALUES(12,'Slim Abdelnahder','BI');
INSERT into Supervisor(id,name,faculty) VALUES(13,'Amr El Mougy','IET');

INSERT into Examiner(id,name,fieldOfWork,isNational) VALUES (8,'Hana Mohamed','Engineer',1)
INSERT into Examiner(id,name,fieldOfWork,isNational) VALUES (9,'Farida Sherif','Lecturer',0)
insert into Examiner(id,fieldOfWork,isNational,name) values (14,'Pharmacy',1,'ghalya moh')
select * from GUCianStudent
select * from NonGucianStudent
select * from Supervisor
select * from Examiner
select * from Thesis
insert into GUCianStudentRegisterThesis values( 1,10,3)
insert into GUCianStudentRegisterThesis values ( 2,11,4)
select * from Defense
select * from NonGUCianStudentRegisterThesis
select * from GUCianStudentRegisterThesis
----progress reports--
insert into GUCianProgressReport (sid, date, eval, state, thesisSerialNumber, supid)values (1,'12/12/2019',0,null,3,10)
insert into GUCianProgressReport (sid, date, eval, state, thesisSerialNumber, supid)values (2,'11/11/2019',null,null,3,10)
insert into NonGUCianProgressReport (sid, date, eval, state, thesisSerialNumber, supid)values (7,'11/12/2020',1,null,6,12)
insert into NonGUCianProgressReport (sid, date, eval, state, thesisSerialNumber, supid)values (7,'12/12/2020',null,null,6,12)
insert into GUCianProgressReport (sid, date, eval, state, thesisSerialNumber, supid,description)values (2,'11/11/2021',null,null,3,10, 'This is one of the drafts')
insert into GUCianProgressReport (sid, date, eval, state, thesisSerialNumber, supid,description)values (2,'11/11/2021',2,null,3,10, 'This is the 4th of the drafts')
insert into NonGUCianProgressReport (sid, date, eval, state, thesisSerialNumber, supid,description)values (7,'11/12/2021',1,null,6,12, 'This report explains the third part')
insert into Publication(title, date, place, accepted, host) values ('Pub1','1/1/2023','Egypt',1,'Steve')
insert into Publication( title, date, place, accepted, host)values ('Pub2','2/2/2023','USA',0,'John')
insert into ThesisHasPublication values(4,1)
insert into ThesisHasPublication values(6,2)
select * from GUCianProgressReport
select * from NonGUCianProgressReport
--check elarkam beta3t progress reports--
---- Payments with installments----
insert into Payment (amount,no_Installments,fundPercentage) Values (2000,2,2)
insert into Payment (amount,no_Installments,fundPercentage) Values (4000,1,3)
insert into Payment (amount,no_Installments,fundPercentage) Values (6000,2,3)
insert into Payment (amount,no_Installments,fundPercentage) Values (5000,4,5)
insert into Payment (amount,no_Installments,fundPercentage) Values (1000,1,2)
insert into Payment (amount,no_Installments,fundPercentage) Values (1000,1,2)
insert into Installment (date,paymentid,amount ,done) values ('2/20/2021',1,1000,1)
insert into Installment (date,paymentid,amount ,done) values ('3/17/2021',1,1000,0)
insert into Installment (date,paymentid,amount ,done) values ('5/19/2021',2,4000,1)
insert into Installment (date,paymentid,amount ,done) values ('1/1/2021',3,3000,1)
insert into Installment (date,paymentid,amount ,done) values ('2/2/2021',3,3000,0)
insert into Installment (date,paymentid,amount ,done) values ('4/15/2021',4,1250,1)
insert into Installment (date,paymentid,amount ,done) values ('5/18/2021',4,1250,1)
insert into Installment (date,paymentid,amount ,done) values ('6/19/2021',4,1250,0)
insert into Installment (date,paymentid,amount ,done) values ('7/15/2021',4,1250,0)
insert into Installment (date,paymentid,amount ,done) values ('3/15/2021',5,1000,1)
insert into Installment (date,paymentid,amount ,done) values ('3/15/2023',11,1000,0)
select * from Payment
select * from Installment
---Courses attended by non Gucians---
INSERT into Course(fees,creditHours,code)  values (2000.0,10,'EN101')
INSERT into Course(fees,creditHours,code)  values (3000.0,30,'Cs502')
INSERT into Course(fees,creditHours,code)  values (5000.0,70,'CS503')
INSERT into Course(fees,creditHours,code)  values (4000,20,'DR401')
INSERT into Course(fees,creditHours,code)  values (2000,10,'PR101')
INSERT into Course(fees,creditHours,code)  values (2000,10,'CS605')
INSERT into Course(fees,creditHours,code)  values (1000,10,'CS205')
insert into NonGucianStudentPayForCourse  (sid,paymentNo,cid) values (6,1,1)
insert into NonGucianStudentPayForCourse  (sid,paymentNo,cid) values (6,1,1)
insert into NonGucianStudentPayForCourse  (sid,paymentNo,cid) values (6,11,7)
insert into NonGucianStudentPayForCourse  (sid,paymentNo,cid) values (7,11,7)
Insert into NonGucianStudentTakeCourse (sid,cid,grade) values (6,2,70)
Insert into NonGucianStudentTakeCourse (sid,cid,grade) values (6,3,80)
Insert into NonGucianStudentTakeCourse (sid,cid,grade) values (7,1,30)


select *  from NonGucianStudentTakeCourse
delete from NonGucianStudentTakeCourse 
--Defenses and the examiners attending them.--
insert into Defense (serialNumber, date, location) values (3,'6/6/2022','H13' )
insert into Defense (serialNumber, date, location) values (4,'6/6/2022','H14' )
insert into ExaminerEvaluateDefense(date, serialNo, examinerId) values ('6/6/2022',3,8)
insert into ExaminerEvaluateDefense(date, serialNo, examinerId) values ('6/6/2022',4,9)
insert into NonGUCianStudentRegisterThesis (sid, supid, serial_no) values( 6,12,5)
insert into NonGUCianStudentRegisterThesis (sid, supid, serial_no)values( 7,11,6)
insert into Defense (serialNumber, date, location) values (5,'6/6/2022','H13' )
insert into Defense (serialNumber, date, location) values (6,'1/1/2022','H15' )
insert into ExaminerEvaluateDefense( serialNo, date,examinerId) values (5,'6/7/2022',8)
insert into ExaminerEvaluateDefense (serialNo,date, examinerId) values (6,'1/1/2022',14)